normalized_title,representative_title,match_status,match_confidence,failure_reason,search_variants
18 wheelsof steel haulin,18 Wheelsof Steel Haulin,unmatched,low,no confident Wikimedia match,
1944 winterschlacht in den ardennen,1944 Winterschlacht in den Ardennen,unmatched,low,no confident Wikimedia match,
4 story,4 Story,unmatched,low,no confident Wikimedia match,
442 fussball manager,442 Fussball Manager,unmatched,low,no confident Wikimedia match,
abdurchdie hecke,Abdurchdie Hecke,unmatched,low,no confident Wikimedia match,
achtung roboter,Achtung Roboter,unmatched,low,no confident Wikimedia match,
actua soccer featuring oliver bierhoff,Actua Soccer Featuring Oliver Bierhoff,unmatched,low,no confident Wikimedia match,
adash stadt der magie kapitel11,Adash - Stadt der Magie - Kapitel 11,unmatched,low,no confident Wikimedia match,
afrika corps vs,Afrika Corps vs,unmatched,low,no confident Wikimedia match,
agatha christie das bseunterder sonne,Agatha Christie Das Bseunterder Sonne,unmatched,low,no confident Wikimedia match,
agatha christie mordim orient express,Agatha Christie Mordim Orient Express,unmatched,low,no confident Wikimedia match,
agatha christie unddanngabskeinesmehrv,Agatha Christie Unddanngabskeinesmehrv,unmatched,low,no confident Wikimedia match,
ageof empires ageof discoveryv,Ageof Empires Ageof Discoveryv,unmatched,low,no confident Wikimedia match,
ageof empires the war chiefs,Ageof Empires The War Chiefs,unmatched,low,no confident Wikimedia match,
ageof empiresv,Ageof Empiresv,unmatched,low,no confident Wikimedia match,
ages of empires 3,Ages of Empires 3,unmatched,low,no confident Wikimedia match,
agon the lost swordof toledo,Agon The Lost Swordof Toledo,unmatched,low,no confident Wikimedia match,
air strike 3d 2,Air Strike 3 D 2,unmatched,low,no confident Wikimedia match,
airlines tycoon deluxe,Airlines Tycoon Deluxe,unmatched,low,no confident Wikimedia match,
al emmoandthe lost dutchmans mine,Al Emmoandthe Lost Dutchmans Mine,unmatched,low,no confident Wikimedia match,
alarmfr cobra nitro,Alarmfr Cobra Nitro,unmatched,low,no confident Wikimedia match,
alarmfr cobra11 crash timev111,Alarmfr Cobra11 Crash Timev111,unmatched,low,no confident Wikimedia match,
alexander die stunde der helden,Alexander Die Stunde der Helden,unmatched,low,no confident Wikimedia match,
alexander die stundeder helden,Alexander Die Stundeder Helden,unmatched,low,no confident Wikimedia match,
all star strip poker,All Star Strip Poker,unmatched,low,no confident Wikimedia match,
alone in the dark komplettl sung,Alone in the Dark Komplettlösung,unmatched,low,no confident Wikimedia match,
aloneinthe dark,Aloneinthe Dark,unmatched,low,no confident Wikimedia match,
aloneinthe dark komplettlsung,Aloneinthe Dark Komplettlsung,unmatched,low,no confident Wikimedia match,
alternate flip,Alternate Flip,unmatched,low,no confident Wikimedia match,
andersens maedchen,Andersens Maedchen,unmatched,low,no confident Wikimedia match,
angel knig spinnfischenin deutschland,Angel Knig Spinnfischenin Deutschland,unmatched,low,no confident Wikimedia match,
angriff auf die westfront,Angriff auf die Westfront,unmatched,low,no confident Wikimedia match,
ankh herzdes osiris,Ankh Herzdes Osiris,unmatched,low,no confident Wikimedia match,
ankh kampfder gtter,Ankh Kampfder Gtter,unmatched,low,no confident Wikimedia match,
ansto,Ansto Edition,unmatched,low,no confident Wikimedia match,
anstov,Anstov,unmatched,low,no confident Wikimedia match,
anstov zwei,Anstov Zwei,unmatched,low,no confident Wikimedia match,
anti twin,Anti Twin,unmatched,low,no confident Wikimedia match,
antira mexiko,"Antira, Mexiko",unmatched,low,no confident Wikimedia match,
armiesof exigo,Armiesof Exigo,unmatched,low,no confident Wikimedia match,
armor digit,armor digit,unmatched,low,no confident Wikimedia match,
armour of god 2,Armour of God 2,unmatched,low,no confident Wikimedia match,
armourof god2,Armourof God2,unmatched,low,no confident Wikimedia match,
ashampoo power up xpplatinum2,Ashampoo Power Up XPPlatinum2,unmatched,low,no confident Wikimedia match,
ashampoo win optimizer 4,Ashampoo Win Optimizer 4,unmatched,low,no confident Wikimedia match,
ashampoo win optimizer4,Ashampoo Win Optimizer4,unmatched,low,no confident Wikimedia match,
assassins creed spieltricks,Assassins Creed Spieltricks,unmatched,low,no confident Wikimedia match,
athletics,Athletics,unmatched,low,matched a generic sport concept instead of a specific software title,
aura dieheiligen ringe,Aura Dieheiligen Ringe,unmatched,low,no confident Wikimedia match,
aura tor zur ewigkeit,Aura Tor zur Ewigkeit,unmatched,low,no confident Wikimedia match,
aura tor zur ewigkeit v 1,Aura Tor zur Ewigkeit v 1,unmatched,low,no confident Wikimedia match,
auto cross racing,Auto Cross Racing,unmatched,low,no confident Wikimedia match,
autobahnraser 3,Autobahnraser 3,unmatched,low,no confident Wikimedia match,
aw nuts,Aw Nuts,unmatched,low,no confident Wikimedia match,
axe snake peel,Axe Snake Peel,unmatched,low,no confident Wikimedia match,
backgammon xxl,Backgammon XXL,unmatched,low,no confident Wikimedia match,
bagger simulator,Bagger Simulator,unmatched,low,no confident Wikimedia match,
baldur s gate compilation,Baldur's Gate - Compilation,unmatched,low,no confident Wikimedia match,
baldurs gate legendender schwertkste,Baldurs Gate Legendender Schwertkste,unmatched,low,no confident Wikimedia match,
baphotmets fluch der engeldes todes,Baphotmets Fluch Der Engeldes Todes,unmatched,low,no confident Wikimedia match,
battle lord,Battle Lord,unmatched,low,no confident Wikimedia match,
battlefield toolkit,Battlefield Toolkit,unmatched,low,no confident Wikimedia match,
battlefield2142v150,Battlefield2142v150,unmatched,low,no confident Wikimedia match,
battlefieldv,Battlefieldv,unmatched,low,no confident Wikimedia match,
beach king stunt raser,Beach King Stunt Raser,unmatched,low,no confident Wikimedia match,
big pizza ski challenge09 deutschland,Big Pizza Ski Challenge 09 Deutschland Edition,unmatched,low,no confident Wikimedia match,
bike flyter,Bike Flyter,unmatched,low,no confident Wikimedia match,
bit defender free10,Bit Defender Free10,unmatched,low,no confident Wikimedia match,
black mirror derdunkle spiegelder seele,Black Mirror Derdunkle Spiegelder Seele,unmatched,low,no confident Wikimedia match,
blazing angels squadrons of wwv,Blazing Angels Squadrons Of WWv,unmatched,low,no confident Wikimedia match,
blazing angels squadronsof ww,Blazing Angels Squadronsof WW,unmatched,low,no confident Wikimedia match,
blazing angels squadronsof wwv,Blazing Angels Squadronsof WWv,unmatched,low,no confident Wikimedia match,
blitzkrieg rolling thunder,Blitzkrieg Rolling Thunder,unmatched,low,no confident Wikimedia match,
blitzkriegv,Blitzkriegv,unmatched,low,no confident Wikimedia match,
boiling point roadto hell,Boiling Point Roadto Hell,unmatched,low,no confident Wikimedia match,
bookof unwritten tales,Bookof Unwritten Tales,unmatched,low,no confident Wikimedia match,
bounci x dream,Bounci x Dream,unmatched,low,no confident Wikimedia match,
brothersin arms earnedin bloodv,Brothersin Arms Earnedin Bloodv,unmatched,low,no confident Wikimedia match,
bruno das spiel,Bruno Das Spiel,unmatched,low,no confident Wikimedia match,
burn in test xpvista version,Burn In Test XPVista Version,unmatched,low,no confident Wikimedia match,
callof duty4 modern warfarev16,Callof Duty4 Modern Warfarev16,unmatched,low,no confident Wikimedia match,
callof dutyv,Callof Dutyv,unmatched,low,no confident Wikimedia match,
camera lock ax,camera lock ax,unmatched,low,no confident Wikimedia match,
captain delta und die quelle von argos,Captain Delta und die Quelle von Argos,unmatched,low,no confident Wikimedia match,
captain deltaunddie quellevon argos,Captain Deltaunddie Quellevon Argos,unmatched,low,no confident Wikimedia match,
cars autoswiewir,Cars Autoswiewir,unmatched,low,no confident Wikimedia match,
castrol honda super bike,Castrol Honda Super Bike,unmatched,low,no confident Wikimedia match,
cbsspezial,CBSSpezial,unmatched,low,no confident Wikimedia match,
chk alternate flip,Chk Alternate flip,unmatched,low,no confident Wikimedia match,
chk linseneffekte,Chk Linseneffekte,unmatched,low,no confident Wikimedia match,
chk partikel,Chk Partikel,unmatched,low,no confident Wikimedia match,
chk pixelzentrierung,Chk Pixelzentrierung,unmatched,low,no confident Wikimedia match,
chk schatten,Chk Schatten,unmatched,low,no confident Wikimedia match,
chk texturen,Chk Texturen,unmatched,low,no confident Wikimedia match,
chk tooltips,Chk Tooltips,unmatched,low,no confident Wikimedia match,
christmas bound,Christmas Bound,unmatched,low,no confident Wikimedia match,
cities online,cities online,unmatched,low,no confident Wikimedia match,
civilization4 beyondthe swordv317,Civilization4 Beyondthe Swordv317,unmatched,low,no confident Wikimedia match,
civilizationv,Civilizationv,unmatched,low,no confident Wikimedia match,
click clack xl,Click Clack XL,unmatched,low,no confident Wikimedia match,
code aktionen,Code Aktionen,unmatched,low,no confident Wikimedia match,
codeaktionen,Codeaktionen,unmatched,low,no confident Wikimedia match,
codename panzers phase2v108,Codename Panzers Phase2v108,unmatched,low,no confident Wikimedia match,
cold zero the last stand,Cold Zero The Last Stand,unmatched,low,no confident Wikimedia match,
combat wings battleof britain,Combat Wings Battleof Britain,unmatched,low,no confident Wikimedia match,
command conquer dieersten jahrev,Command Conquer Dieersten Jahrev,unmatched,low,no confident Wikimedia match,
commandand conquer,Commandand Conquer,unmatched,low,no confident Wikimedia match,
companyof heroes,Companyof Heroes,unmatched,low,no confident Wikimedia match,
companyof heroesv,Companyof Heroesv,unmatched,low,no confident Wikimedia match,
coogles,Coogles,unmatched,low,no confident Wikimedia match,
cossacks battlefor europe,Cossacks Battlefor Europe,unmatched,low,no confident Wikimedia match,
cossacks battlefor europev,Cossacks Battlefor Europev,unmatched,low,no confident Wikimedia match,
cpucool,CPUCool,unmatched,low,no confident Wikimedia match,
crazy kickers xs,Crazy Kickers XS,unmatched,low,no confident Wikimedia match,
crazy symbol sudoku,Crazy Symbol Sudoku,unmatched,low,no confident Wikimedia match,
crysis mod sdk 1,Crysis Mod SDK 1,unmatched,low,no confident Wikimedia match,
crysis mod sdk10,Crysis Mod SDK10,unmatched,low,no confident Wikimedia match,
crysis mod sdk12,Crysis Mod SDK12,unmatched,low,no confident Wikimedia match,
crysisv11,Crysisv11,unmatched,low,no confident Wikimedia match,
csi eindeutige beweise,CSI Eindeutige Beweise,unmatched,low,no confident Wikimedia match,
csicrime scene investigation mordin dimensionen,CSICrime Scene Investigation Mordin Dimensionen,unmatched,low,no confident Wikimedia match,
csieindeutige beweise,CSIEindeutige Beweise,unmatched,low,no confident Wikimedia match,
cycek nad new,CYCEK NAD NEW GAME,unmatched,low,no confident Wikimedia match,
dame xxl,Dame XXL,unmatched,low,no confident Wikimedia match,
dark quiz,Dark Quiz,unmatched,low,no confident Wikimedia match,
darkstar onev,Darkstar Onev,unmatched,low,no confident Wikimedia match,
das ausbildungscamp,Das Ausbildungscamp,unmatched,low,no confident Wikimedia match,
das chinesische viertel,Das chinesische Viertel,unmatched,low,no confident Wikimedia match,
das geheimlabor,Das Geheimlabor,unmatched,low,request failed for https://en.wikipedia.org/w/api.php?action=query&list=search&srsearch=Das+Geheimlabor&srlimit=5&format=json: HTTP Error 429: Too Many Requests,
das hafenviertel,Das Hafenviertel,unmatched,low,no confident Wikimedia match,
das verm chtnis testament of sin,Das Vermächtnis - Testament of Sin,unmatched,low,no confident Wikimedia match,
deador alive,Deador Alive,unmatched,low,no confident Wikimedia match,
der fluch der zwerge 1,Der Fluch der Zwerge 1,unmatched,low,no confident Wikimedia match,
der fluch des goldes xs,Der Fluch des Goldes XS,unmatched,low,no confident Wikimedia match,
der herrder ringe die schlachtum mittelerde,Der Herrder Ringe Die Schlachtum Mittelerde,unmatched,low,no confident Wikimedia match,
der herrder ringe die schlachtum mittelerdev,Der Herrder Ringe Die Schlachtum Mittelerdev,unmatched,low,no confident Wikimedia match,
der herrder ringe online,Der Herrder Ringe Online,unmatched,low,no confident Wikimedia match,
desperados coopers revengev,Desperados Coopers Revengev,unmatched,low,no confident Wikimedia match,
diablo spezial,Diablo Spezial,unmatched,low,no confident Wikimedia match,
diablo3 spezial,Diablo3 Spezial,unmatched,low,no confident Wikimedia match,
diamantenfee,Diamantenfee,unmatched,low,no confident Wikimedia match,
diamantenfee 2,Diamantenfee 2,unmatched,low,no confident Wikimedia match,
die fischverladestelle,Die Fischverladestelle,unmatched,low,no confident Wikimedia match,
die kunst des mordens geheimakte fbi,Die Kunst des Mordens Geheimakte FBI,unmatched,low,no confident Wikimedia match,
die kunstdes mordens geheimakte fbi,Die Kunstdes Mordens Geheimakte FBI,unmatched,low,no confident Wikimedia match,
die legenden und m rchen von ash kale 1,Die Legenden und Märchen von Ash'kale 1,unmatched,low,no confident Wikimedia match,
die metrostation,Die Metrostation,unmatched,low,no confident Wikimedia match,
die rache der sith,Die Rache der Sith,unmatched,low,no confident Wikimedia match,
die rmer,Die Rmer,unmatched,low,no confident Wikimedia match,
die schalendes zorns,Die Schalendes Zorns,unmatched,low,no confident Wikimedia match,
die siedler dienchste generation,Die Siedler Dienchste Generation,unmatched,low,no confident Wikimedia match,
die siedler dienchste generationv,Die Siedler Dienchste Generationv,unmatched,low,no confident Wikimedia match,
die siedler6 aufstiegeines knigreichsv15,Die Siedler6 Aufstiegeines Knigreichsv15,unmatched,low,no confident Wikimedia match,
die sims 2v,Die Sims 2 v,unmatched,low,no confident Wikimedia match,
die sims nightlifev,Die Sims Nightlifev,unmatched,low,no confident Wikimedia match,
die sims openfor businessv,Die Sims Openfor Businessv,unmatched,low,no confident Wikimedia match,
die unglaublichen,Die Unglaublichen,unmatched,low,matched the franchise page instead of a specific game,
dikowsk ru land,"Dikowsk, Rußland",unmatched,low,no confident Wikimedia match,
dirty split,Dirty Split,unmatched,low,no confident Wikimedia match,
diverse hintergrnde,Diverse Hintergrnde,unmatched,low,no confident Wikimedia match,
divx 6 xp,Divx 6 Play (XP),unmatched,low,no confident Wikimedia match,
divx me,Divx ME,unmatched,low,no confident Wikimedia match,
divx xp,Divx Play XP,unmatched,low,no confident Wikimedia match,
dont angry 2,Dont Angry 2,unmatched,low,no confident Wikimedia match,
doom 3z hunter 1,Doom 3 Z Hunter 1,unmatched,low,no confident Wikimedia match,
double crossfire,Double Crossfire,unmatched,low,no confident Wikimedia match,
dragonshardv,Dragonshardv,unmatched,low,no confident Wikimedia match,
dream pinball dtwo worlds,Dream Pinball DTwo Worlds,unmatched,low,no confident Wikimedia match,
dreamlords the re awakening,Dreamlords - The Re Awakening,unmatched,low,no confident Wikimedia match,
dsl manager,DSL Manager,unmatched,low,no confident Wikimedia match,
dslmanager,DSLManager,unmatched,low,no confident Wikimedia match,
dungeons dragons online,Dungeons Dragons Online,unmatched,low,no confident Wikimedia match,
dzial 1,dzial 1,unmatched,low,no confident Wikimedia match,
dzial 2,dzial 2,unmatched,low,no confident Wikimedia match,
dzial 3,dzial 3,unmatched,low,no confident Wikimedia match,
dzial 4,dzial 4,unmatched,low,no confident Wikimedia match,
dzial 5,dzial 5,unmatched,low,no confident Wikimedia match,
easy bcd 1 7,Easy BCD 1 7,unmatched,low,no confident Wikimedia match,
easy bcd171,Easy BCD171,unmatched,low,no confident Wikimedia match,
easytoolz,Easytoolz,unmatched,low,no confident Wikimedia match,
easytoolz 2,Easytoolz 2,unmatched,low,no confident Wikimedia match,
easytoolz22,Easytoolz22,unmatched,low,no confident Wikimedia match,
ednabrichtaus,Ednabrichtaus,unmatched,low,no confident Wikimedia match,
el coro mexiko,"El Coro, Mexiko",unmatched,low,no confident Wikimedia match,
emergency global fightersfor life,Emergency Global Fightersfor Life,unmatched,low,no confident Wikimedia match,
empire earth3,Empire Earth3,unmatched,low,no confident Wikimedia match,
empires die neuzeit,Empires Die Neuzeit,unmatched,low,no confident Wikimedia match,
enemy territory quake warsv14,Enemy Territory Quake Warsv14,unmatched,low,no confident Wikimedia match,
eragonfilm,Eragonfilm,unmatched,low,no confident Wikimedia match,
erbe der k nige,Erbe der Könige Demo,unmatched,low,no confident Wikimedia match,
erfahrung display,ERFAHRUNG display,unmatched,low,no confident Wikimedia match,
esculli la llengua del,Esculli la llengua del,unmatched,low,no confident Wikimedia match,
eveonline the second genesis,EVEOnline The Second Genesis,unmatched,low,no confident Wikimedia match,
everest ultimate,Everest Ultimate Edition,unmatched,low,no confident Wikimedia match,
everquest kingdomof sky,Everquest Kingdomof Sky,unmatched,low,no confident Wikimedia match,
facesof war,Facesof War,unmatched,low,no confident Wikimedia match,
faesuper hornet,FAESuper Hornet,unmatched,low,no confident Wikimedia match,
fallobst arcade,Fallobst Arcade,unmatched,low,no confident Wikimedia match,
far cryv,Far Cryv,unmatched,low,no confident Wikimedia match,
fast lane carnage,Fast Lane Carnage,unmatched,low,no confident Wikimedia match,
fearv,FEARv,unmatched,low,no confident Wikimedia match,
fette sau xs,Fette Sau XS,unmatched,low,no confident Wikimedia match,
fifafuball weltmeisterschaft,FIFAFuball Weltmeisterschaft,unmatched,low,no confident Wikimedia match,
flip mysz inv,flip mysz inv,unmatched,low,no confident Wikimedia match,
fritz 7 se,Fritz 7 SE,unmatched,low,no confident Wikimedia match,
fritz 9 se,Fritz 9 SE,unmatched,low,no confident Wikimedia match,
frontlines fuelof war,Frontlines Fuelof War,unmatched,low,no confident Wikimedia match,
frontlines fuelof warv102,Frontlines Fuelof Warv102,unmatched,low,no confident Wikimedia match,
frontlines fuelof warv110,Frontlines Fuelof Warv110,unmatched,low,no confident Wikimedia match,
fuball manager,Fuball Manager,unmatched,low,no confident Wikimedia match,
fuball manager2008v802,Fuball Manager2008v802,unmatched,low,no confident Wikimedia match,
funk flitzer,Funk Flitzer,unmatched,low,no confident Wikimedia match,
fussball manager2006v,Fussball Manager 2006 v,unmatched,low,no confident Wikimedia match,
fussball managerv,Fussball Managerv,unmatched,low,no confident Wikimedia match,
galactic civilzations dread lordsv,Galactic Civilzations Dread Lordsv,unmatched,low,no confident Wikimedia match,
garry die schmei fliege,Garry die Schmeißfliege,unmatched,low,no confident Wikimedia match,
genius task force biologie,Genius Task Force Biologie,unmatched,low,no confident Wikimedia match,
ghost recon advanced tactical center,Ghost Recon Advanced Tactical Center,unmatched,low,no confident Wikimedia match,
gigabyte easy tune5 pro,Gigabyte Easy Tune5 Pro,unmatched,low,no confident Wikimedia match,
go around showdown,Go Around Showdown,unmatched,low,no confident Wikimedia match,
gods landsof infinity,Gods Landsof Infinity,unmatched,low,no confident Wikimedia match,
goin downtownv11,Goin Downtownv11,unmatched,low,request failed for https://de.wikipedia.org/w/api.php?action=query&list=search&srsearch=Goin+Downtownv11&srlimit=5&format=json: HTTP Error 429: Too Many Requests,
goldboxer,Goldboxer,unmatched,low,no confident Wikimedia match,
gothicv,Gothicv,unmatched,low,request failed for https://en.wikipedia.org/w/api.php?action=query&list=search&srsearch=Gothicv&srlimit=5&format=json: HTTP Error 429: Too Many Requests,
gratisaktion,Gratisaktion,unmatched,low,no confident Wikimedia match,
grayout grenade,grayout grenade,unmatched,low,no confident Wikimedia match,
grayout gun,grayout gun,unmatched,low,no confident Wikimedia match,
green,Green Game,unmatched,low,no confident Wikimedia match,
grenade name,grenade name,unmatched,low,no confident Wikimedia match,
gsrgerman street racing,GSRGerman Street Racing,unmatched,low,no confident Wikimedia match,
gtiracing,GTIRacing,unmatched,low,no confident Wikimedia match,
gtr fia gt racing 1,GTR Fia GT Racing Game 1,unmatched,low,no confident Wikimedia match,
gtrfiagtracing,GTRFIAGTRacing Game,unmatched,low,request failed for https://www.wikidata.org/w/api.php?action=wbsearchentities&search=GTRFIAGTRacing+Game&language=de&type=item&limit=7&format=json: HTTP Error 429: Too Many Requests,
gunship apocalypse,Gunship Apocalypse,unmatched,low,no confident Wikimedia match,
half life portal,Half Life Portal,unmatched,low,no confident Wikimedia match,
hamburger weihnachtsreise,Hamburger Weihnachtsreise,unmatched,low,no confident Wikimedia match,
hank xs,Hank XS,unmatched,low,no confident Wikimedia match,
happy pingu,Happy Pingu,unmatched,low,no confident Wikimedia match,
harry potter bonusmaterial,Harry Potter Bonusmaterial,unmatched,low,no confident Wikimedia match,
hdcleaner,HDCleaner,unmatched,low,no confident Wikimedia match,
heimspiel eishockeymanager,Heimspiel Eishockeymanager,unmatched,low,no confident Wikimedia match,
heroesof annihilated empires,Heroesof Annihilated Empires,unmatched,low,no confident Wikimedia match,
heroesof might magicv,Heroesof Might Magicv,unmatched,low,no confident Wikimedia match,
heroesof mightand magic,Heroesof Mightand Magic,unmatched,low,request failed for https://www.wikidata.org/w/api.php?action=wbsearchentities&search=Heroesof+Mightand+Magic&language=en&type=item&limit=7&format=json: HTTP Error 429: Too Many Requests,
herr der pilze,Herr der Pilze,unmatched,low,no confident Wikimedia match,
hidden dangerous 2,Hidden & Dangerous 2,unmatched,low,request failed for https://www.wikidata.org/w/api.php?action=wbgetentities&ids=Q1617336%7CQ3135241&props=labels%7Caliases%7Csitelinks&format=json: HTTP Error 429: Too Many Requests,
himmel und huhn,Himmel und Huhn,unmatched,low,request failed for https://de.wikipedia.org/w/api.php?action=query&list=search&srsearch=Himmel+und+Huhn&srlimit=5&format=json: HTTP Error 429: Too Many Requests,
hitman blood moneyv,Hitman Blood Moneyv,unmatched,low,no confident Wikimedia match,
hui buh das schlossgespenstunddie geisterjger,Hui Buh Das Schlossgespenstunddie Geisterjger,unmatched,low,no confident Wikimedia match,
hyper snap,Hyper Snap,unmatched,low,no confident Wikimedia match,
ice age jetzttauts,Ice Age Jetzttauts,unmatched,low,no confident Wikimedia match,
ikk direkt mountainbike challenge08,IKK Direkt Mountainbike Challenge 08,unmatched,low,no confident Wikimedia match,
ikonka na zakladce 1 naboj,ikonka na zakladce 1 naboj,unmatched,low,no confident Wikimedia match,
ikonka na zakladce 1 pistolet,ikonka na zakladce 1 pistolet,unmatched,low,no confident Wikimedia match,
ikonka na zakladce 2 karabin,ikonka na zakladce 2 karabin,unmatched,low,no confident Wikimedia match,
ikonka na zakladce 3 naboj,ikonka na zakladce 3 naboj,unmatched,low,no confident Wikimedia match,
ikonka na zakladce 4 luneta,ikonka na zakladce 4 luneta,unmatched,low,no confident Wikimedia match,
ilsturmovik forgotten battles,ILSturmovik Forgotten Battles,unmatched,low,no confident Wikimedia match,
immortal cities kinderdes nilsv11,Immortal Cities Kinderdes Nilsv11,unmatched,low,no confident Wikimedia match,
imperium romanum kopierschutz,Imperium Romanum Kopierschutz,unmatched,low,no confident Wikimedia match,
imperium romanumv102,Imperium Romanumv102,unmatched,low,no confident Wikimedia match,
incadia,Incadia,unmatched,low,no confident Wikimedia match,
increase stack undr mouse,increase stack undr mouse,unmatched,low,no confident Wikimedia match,
indiana jonesunddas knigreichdes kristallschdels,Indiana Jonesunddas Knigreichdes Kristallschdels,unmatched,low,no confident Wikimedia match,
industrie gigant 2,Industrie Gigant 2,unmatched,low,no confident Wikimedia match,
inv load parent,inv Load parent,unmatched,low,no confident Wikimedia match,
invasion repel and rebuild,Invasion Repel and Rebuild,unmatched,low,no confident Wikimedia match,
iron manv11,Iron Manv11,unmatched,low,no confident Wikimedia match,
izberite jezik za pripravo,Izberite jezik za pripravo,unmatched,low,no confident Wikimedia match,
jack keaneandthe dokktors island,Jack Keaneandthe Dokktors Island,unmatched,low,no confident Wikimedia match,
jacomo s brick mountain,Jacomo's Brick Mountain,unmatched,low,no confident Wikimedia match,
jacomo s castle,Jacomo's Castle,unmatched,low,no confident Wikimedia match,
jeithonas,Jeithonas,unmatched,low,no confident Wikimedia match,
jumping jokers,Jumping Jokers,unmatched,low,no confident Wikimedia match,
kakuro xxl,Kakuro XXL,unmatched,low,no confident Wikimedia match,
karomatix,Karomatix,unmatched,low,no confident Wikimedia match,
kaufzeit,Kaufzeit,unmatched,low,no confident Wikimedia match,
keepsake v,Keepsake v,unmatched,low,no confident Wikimedia match,
keepsakev,Keepsakev,unmatched,low,no confident Wikimedia match,
knightsofthe temple,Knightsofthe Temple,unmatched,low,no confident Wikimedia match,
kochmeister pfanne 2 xs,Kochmeister Pfanne 2 XS,unmatched,low,no confident Wikimedia match,
kompas bots,kompas bots,unmatched,low,no confident Wikimedia match,
kompas busola,kompas busola,unmatched,low,no confident Wikimedia match,
kompas damage,kompas damage,unmatched,low,no confident Wikimedia match,
kransimulator2009,Kransimulator 2009,unmatched,low,no confident Wikimedia match,
kreska 1,kreska 1,unmatched,low,no confident Wikimedia match,
kreska 2,kreska 2,unmatched,low,no confident Wikimedia match,
kreska 3,kreska 3,unmatched,low,no confident Wikimedia match,
kreska 4,kreska 4,unmatched,low,no confident Wikimedia match,
kreska 5,kreska 5,unmatched,low,no confident Wikimedia match,
kreska 6,kreska 6,unmatched,low,no confident Wikimedia match,
kreska 7,kreska 7,unmatched,low,no confident Wikimedia match,
kreska 8,kreska 8,unmatched,low,no confident Wikimedia match,
kreska 9,kreska 9,unmatched,low,no confident Wikimedia match,
kreska na prawym shopie,kreska na prawym shopie,unmatched,low,no confident Wikimedia match,
kreska na srodkowym oknie nizsza,kreska na srodkowym oknie nizsza,unmatched,low,no confident Wikimedia match,
kreska na srodkowym oknie wyzsza,kreska na srodkowym oknie wyzsza,unmatched,low,no confident Wikimedia match,
kreska10,kreska 10,unmatched,low,no confident Wikimedia match,
kreska11,kreska 11,unmatched,low,no confident Wikimedia match,
larry cannibal attack,Larry Cannibal Attack,unmatched,low,no confident Wikimedia match,
larry cannibal crush,Larry Cannibal Crush,unmatched,low,no confident Wikimedia match,
larry jungle smash,Larry Jungle Smash,unmatched,low,no confident Wikimedia match,
larry s grand slam tennis,Larry's Grand Slam Tennis,unmatched,low,no confident Wikimedia match,
larry super eggomania,Larry Super Eggomania,unmatched,low,no confident Wikimedia match,
lcd panel 1,LCD panel 1,unmatched,low,no confident Wikimedia match,
lcd ramka lewa,LCD ramka lewa,unmatched,low,no confident Wikimedia match,
lcd ramka prawa,LCD ramka prawa,unmatched,low,no confident Wikimedia match,
left arrow,LEFT ARROW,unmatched,low,no confident Wikimedia match,
legend handof godv102,Legend Handof Godv102,unmatched,low,no confident Wikimedia match,
lego star wars dieklassische trilogie,Lego Star Wars Dieklassische Trilogie,unmatched,low,no confident Wikimedia match,
light digit,light digit,unmatched,low,no confident Wikimedia match,
lineage oathof blood chronicle,Lineage Oathof Blood Chronicle,unmatched,low,no confident Wikimedia match,
linseneffekte,Linseneffekte,unmatched,low,no confident Wikimedia match,
loesung,Loesung,unmatched,low,no confident Wikimedia match,
loesungsbuecher,Loesungsbuecher,unmatched,low,no confident Wikimedia match,
logistik master,Logistik Master,unmatched,low,no confident Wikimedia match,
lokiv1082,Lokiv1082,unmatched,low,no confident Wikimedia match,
mapauswahl,Mapauswahl,unmatched,low,no confident Wikimedia match,
mapzeit,Mapzeit,unmatched,low,no confident Wikimedia match,
maximale anzahl der npcs,Maximale Anzahl der NPCs,unmatched,low,no confident Wikimedia match,
mc afee avert stinger,Mc Afee Avert Stinger,unmatched,low,no confident Wikimedia match,
mc afee rootkit detective,Mc Afee Rootkit Detective,unmatched,low,no confident Wikimedia match,
medalof honor airbornev13,Medalof Honor Airbornev13,unmatched,low,no confident Wikimedia match,
metal gear solid gunsofthe patriots,Metal Gear Solid Gunsofthe Patriots,unmatched,low,no confident Wikimedia match,
mighty jack hammer,Mighty Jack Hammer,unmatched,low,no confident Wikimedia match,
mini golf shot,Mini Golf Shot,unmatched,low,no confident Wikimedia match,
minus details,minus Details,unmatched,low,no confident Wikimedia match,
minus gewehre,minus GEWEHRE,unmatched,low,no confident Wikimedia match,
minus kampf,minus KAMPF,unmatched,low,no confident Wikimedia match,
minus kraft,minus KRAFT,unmatched,low,no confident Wikimedia match,
minus machinenpistolen,minus MACHINENPISTOLEN,unmatched,low,no confident Wikimedia match,
minus nahkampf,minus NAHKAMPF,unmatched,low,no confident Wikimedia match,
minus pistolen,minus PISTOLEN,unmatched,low,no confident Wikimedia match,
minus schottflinten,minus SCHOTTFLINTEN,unmatched,low,no confident Wikimedia match,
minus schwierigkeitsgrad,minus Schwierigkeitsgrad,unmatched,low,no confident Wikimedia match,
minus tarnung,minus TARNUNG,unmatched,low,no confident Wikimedia match,
minus technik,minus TECHNIK,unmatched,low,no confident Wikimedia match,
mobility 1,Mobility 1,unmatched,low,no confident Wikimedia match,
moorhuhn action im anflug,Moorhuhn Action Im Anflug,unmatched,low,no confident Wikimedia match,
moorhuhn atlantis,Moorhuhn Atlantis,unmatched,low,no confident Wikimedia match,
moorhuhn schatzjaeger,Moorhuhn Schatzjaeger,unmatched,low,no confident Wikimedia match,
moorhuhn soccer,Moorhuhn Soccer,unmatched,low,no confident Wikimedia match,
moorhuhn wanted xs,Moorhuhn Wanted XS,unmatched,low,no confident Wikimedia match,
moto gp urt 3,Moto GP URT 3,unmatched,low,no confident Wikimedia match,
mswtk2004,MSWTK 2004,unmatched,low,no confident Wikimedia match,
my gamers cam,My Gamers Cam,unmatched,low,no confident Wikimedia match,
mysterious void,mysterious void,unmatched,low,no confident Wikimedia match,
na ziemie,na ziemie,unmatched,low,no confident Wikimedia match,
needfor speed carbon,Needfor Speed Carbon,unmatched,low,no confident Wikimedia match,
needfor speed carbonv14,Needfor Speed Carbonv14,unmatched,low,no confident Wikimedia match,
needfor speed pro street,Needfor Speed Pro Street,unmatched,low,no confident Wikimedia match,
neocron 2 evolution v,Neocron 2 Evolution v,unmatched,low,no confident Wikimedia match,
neocron arcade,Neocron Arcade,unmatched,low,no confident Wikimedia match,
neosteam,Neosteam,unmatched,low,no confident Wikimedia match,
nero 6 reloaded,Nero 6 Reloaded (Demo),unmatched,low,no confident Wikimedia match,
net quartett,Net Quartett,unmatched,low,no confident Wikimedia match,
netframework,NETFramework,unmatched,low,no confident Wikimedia match,
netframework20,NETFramework20,unmatched,low,no confident Wikimedia match,
neverwinter nightsv,Neverwinter Nightsv,unmatched,low,no confident Wikimedia match,
nfs underground 2,NFS Underground 2,unmatched,low,no confident Wikimedia match,
nfs underground 2v 1,NFS Underground 2 v 1,unmatched,low,no confident Wikimedia match,
nhl08 vista,NHL08 Vista,unmatched,low,no confident Wikimedia match,
nivea for men football mania,NIVEA FOR MEN Football Mania,unmatched,low,no confident Wikimedia match,
nivea maennersache computerspiel,Nivea Maennersache Computerspiel,unmatched,low,request failed for https://en.wikipedia.org/w/api.php?action=query&list=search&srsearch=Nivea+Maennersache+Computerspiel&srlimit=5&format=json: HTTP Error 429: Too Many Requests,
nivea maennersache spot,Nivea Maennersache Spot,unmatched,low,no confident Wikimedia match,
nostradamus die letzte prophezeihung,Nostradamus Die letzte Prophezeihung,unmatched,low,request failed for https://de.wikipedia.org/w/api.php?action=query&list=search&srsearch=Nostradamus+Die+letzte+Prophezeihung&srlimit=5&format=json: HTTP Error 429: Too Many Requests,
nostradamus dieletzte prophezeihung,Nostradamus Dieletzte Prophezeihung,unmatched,low,no confident Wikimedia match,
num of grenades left,num of grenades left,unmatched,low,no confident Wikimedia match,
ocean diver,Ocean Diver,unmatched,low,matched a diving certification concept instead of a specific software title,
oddworld strangers vergelt,Oddworld Strangers Vergelt,unmatched,low,no confident Wikimedia match,
oktoberfest zapfer,Oktoberfest Zapfer,unmatched,low,no confident Wikimedia match,
onimusha demon siege,Onimusha Demon Siege,unmatched,low,request failed for https://www.wikidata.org/w/api.php?action=wbsearchentities&search=Onimusha+Demon+Siege&language=en&type=item&limit=7&format=json: HTTP Error 429: Too Many Requests,
onimusha demon siegev,Onimusha Demon Siegev,unmatched,low,no confident Wikimedia match,
online spiel,Online Spiel,unmatched,low,matched a generic concept page instead of a specific title,
onlineangebote gamesload,onlineangebote gamesload,unmatched,low,no confident Wikimedia match,
onlineangebote metaboli,onlineangebote metaboli,unmatched,low,no confident Wikimedia match,
onlineangebote small,onlineangebote small,unmatched,low,no confident Wikimedia match,
onlinespiel,Onlinespiel,unmatched,low,matched a generic concept page instead of a specific title,
onlinespiel drachen,onlinespiel drachen,unmatched,low,request failed for https://de.wikipedia.org/w/api.php?action=query&list=search&srsearch=onlinespiel+drachen&srlimit=5&format=json: HTTP Error 429: Too Many Requests,
opaque composition,Opaque Composition,unmatched,low,no confident Wikimedia match,
ottifanten ostfriesen lemminge in not,Ottifanten Ostfriesen Lemminge in Not,unmatched,low,no confident Wikimedia match,
ottifanten ostfriesen pinball,Ottifanten Ostfriesen Pinball,unmatched,low,no confident Wikimedia match,
over gfighters,Over GFighters,unmatched,low,no confident Wikimedia match,
pacific fighters strategiebuch,Pacific Fighters Strategiebuch,unmatched,low,no confident Wikimedia match,
pacific stormv14,Pacific Stormv14,unmatched,low,no confident Wikimedia match,
panzer elite action dunesof war,Panzer Elite Action Dunesof War,unmatched,low,no confident Wikimedia match,
papierkrieg,Papierkrieg,unmatched,low,no confident Wikimedia match,
paraworldfilm,Paraworldfilm,unmatched,low,no confident Wikimedia match,
paraworldv,Paraworldv,unmatched,low,no confident Wikimedia match,
parent follow mouse,Parent Follow Mouse,unmatched,low,no confident Wikimedia match,
parent keymapper,parent keymapper,unmatched,low,no confident Wikimedia match,
parent lewego shopa,Parent lewego shopa,unmatched,low,no confident Wikimedia match,
parent new gb,Parent New GB,unmatched,low,no confident Wikimedia match,
parent prawego shopa,Parent prawego shopa,unmatched,low,no confident Wikimedia match,
parent profile,parent profile,unmatched,low,request failed for https://en.wikipedia.org/w/api.php?action=query&list=search&srsearch=parent+profile&srlimit=5&format=json: HTTP Error 429: Too Many Requests,
parent single,parent single,unmatched,low,no confident Wikimedia match,
parent srodkowego shopa,Parent srodkowego shopa,unmatched,low,no confident Wikimedia match,
parent testowy,Parent testowy,unmatched,low,no confident Wikimedia match,
pdcworld championship darts2008,PDCWorld Championship Darts2008,unmatched,low,no confident Wikimedia match,
penumbra black plaguev101,Penumbra Black Plaguev101,unmatched,low,no confident Wikimedia match,
peter jacksons king kong,Peter Jacksons King Kong,unmatched,low,no confident Wikimedia match,
pilih bahasa yang akan dipakai,Pilih bahasa yang akan dipakai,unmatched,low,no confident Wikimedia match,
pined pipe mania,Pined Pipe Mania,unmatched,low,no confident Wikimedia match,
ping cosmic downhill,Ping Cosmic Downhill,unmatched,low,no confident Wikimedia match,
ping flipper,Ping Flipper,unmatched,low,request failed for https://www.wikidata.org/w/api.php?action=wbsearchentities&search=Ping+Flipper&language=en&type=item&limit=7&format=json: HTTP Error 429: Too Many Requests,
ping man,Ping Man,unmatched,low,request failed for https://www.wikidata.org/w/api.php?action=wbsearchentities&search=Ping+Man&language=en&type=item&limit=7&format=json: HTTP Error 429: Too Many Requests,
ping pirate,Ping Pirate,unmatched,low,no confident Wikimedia match,
ping plantophobia,Ping Plantophobia,unmatched,low,no confident Wikimedia match,
pings basketball,Pings Basketball,unmatched,low,request failed for https://de.wikipedia.org/w/api.php?action=query&list=search&srsearch=Pings+Basketball&srlimit=5&format=json: HTTP Error 429: Too Many Requests,
pixelzentrierung,Pixelzentrierung,unmatched,low,no confident Wikimedia match,
plus details,plus Details,unmatched,low,no confident Wikimedia match,
plus gewehre,plus GEWEHRE,unmatched,low,no confident Wikimedia match,
plus kampf,plus KAMPF,unmatched,low,no confident Wikimedia match,
plus kraft,plus KRAFT,unmatched,low,request failed for https://en.wikipedia.org/w/api.php?action=query&list=search&srsearch=plus+KRAFT&srlimit=5&format=json: HTTP Error 429: Too Many Requests,
plus machinenpistolen,plus MACHINENPISTOLEN,unmatched,low,no confident Wikimedia match,
plus nahkampf,plus NAHKAMPF,unmatched,low,no confident Wikimedia match,
plus pistolen,plus PISTOLEN,unmatched,low,request failed for https://www.wikidata.org/w/api.php?action=wbsearchentities&search=plus+PISTOLEN&language=de&type=item&limit=7&format=json: HTTP Error 429: Too Many Requests,
plus schottflinten,plus SCHOTTFLINTEN,unmatched,low,no confident Wikimedia match,
plus schwierigkeitsgrad,plus Schwierigkeitsgrad,unmatched,low,no confident Wikimedia match,
plus tarnung,plus TARNUNG,unmatched,low,request failed for https://en.wikipedia.org/w/api.php?action=query&list=search&srsearch=plus+TARNUNG&srlimit=5&format=json: HTTP Error 429: Too Many Requests,
plus technik,plus TECHNIK,unmatched,low,no confident Wikimedia match,
poczatek ramki,poczatek ramki,unmatched,low,no confident Wikimedia match,
poker academy,Poker Academy,unmatched,low,no confident Wikimedia match,
pony ranch,Pony Ranch,unmatched,low,no confident Wikimedia match,
ports of call deluxe2008,Ports of Call Deluxe 2008,unmatched,low,no confident Wikimedia match,
portsof call deluxe2008,Portsof Call Deluxe2008,unmatched,low,no confident Wikimedia match,
power manga,Power Manga,unmatched,low,no confident Wikimedia match,
premium skatde luxe,Premium Skatde Luxe,unmatched,low,no confident Wikimedia match,
preyv,Preyv,unmatched,low,no confident Wikimedia match,
pro evolution soccer2009,Pro Evolution Soccer2009,unmatched,low,no confident Wikimedia match,
pro pinball timeshock,Pro Pinball Timeshock,unmatched,low,request failed for https://www.wikidata.org/w/api.php?action=wbsearchentities&search=Pro+Pinball+Timeshock&language=en&type=item&limit=7&format=json: HTTP Error 429: Too Many Requests,
pro stroke golf world tour,Pro Stroke Golf World Tour,unmatched,low,no confident Wikimedia match,
profi ecke,Profi Ecke,unmatched,low,no confident Wikimedia match,
progress armor,progress armor,unmatched,low,no confident Wikimedia match,
progress noise,progress noise,unmatched,low,no confident Wikimedia match,
progress stamina,progress stamina,unmatched,low,no confident Wikimedia match,
progress weap health,progress weap health,unmatched,low,no confident Wikimedia match,
project snowblind,Project Snowblind,unmatched,low,request failed for https://www.wikidata.org/w/api.php?action=wbsearchentities&search=Project+Snowblind&language=en&type=item&limit=7&format=json: HTTP Error 429: Too Many Requests,
pulleralarm,Pulleralarm,unmatched,low,request failed for https://de.wikipedia.org/w/api.php?action=query&list=search&srsearch=Pulleralarm&srlimit=5&format=json: HTTP Error 429: Too Many Requests,
punkte display,PUNKTE display,unmatched,low,request failed for https://www.wikidata.org/w/api.php?action=wbsearchentities&search=PUNKTE+display&language=en&type=item&limit=7&format=json: HTTP Error 429: Too Many Requests,
punktelimit,Punktelimit,unmatched,low,no confident Wikimedia match,
pure pinball,Pure Pinball,unmatched,low,request failed for https://www.wikidata.org/w/api.php?action=wbgetentities&ids=Q7261119%7CQ108371314&props=labels%7Caliases%7Csitelinks&format=json: HTTP Error 429: Too Many Requests,
pyro tycoon,Pyro Tycoon,unmatched,low,no confident Wikimedia match,
quake sdk,Quake SDK,unmatched,low,no confident Wikimedia match,
quakev,Quakev,unmatched,low,no confident Wikimedia match,
r ckkehr zur insel,Rückkehr zur Insel,unmatched,low,request failed for https://de.wikipedia.org/w/api.php?action=query&list=search&srsearch=R%C3%BCckkehr+zur+Insel&srlimit=5&format=json: HTTP Error 429: Too Many Requests,
radsport manager pro le tourde france,Radsport Manager Pro Le Tourde France,unmatched,low,request failed for https://de.wikipedia.org/w/api.php?action=query&list=search&srsearch=Radsport+Manager+Pro+Le+Tourde+France&srlimit=5&format=json: HTTP Error 429: Too Many Requests,
radsport manager pro le tourde francev,Radsport Manager Pro Le Tourde Francev,unmatched,low,request failed for https://en.wikipedia.org/w/api.php?action=query&list=search&srsearch=Radsport+Manager+Pro+Le+Tourde+Francev&srlimit=5&format=json: HTTP Error 429: Too Many Requests,
radsport manager pro saison05 06,Radsport Manager Pro Saison 05 06,unmatched,low,no confident Wikimedia match,
radsport manager2003 2004,Radsport Manager 2003 2004,unmatched,low,no confident Wikimedia match,
rageclaw online,rageclaw online,unmatched,low,no confident Wikimedia match,
ragnarok,Ragnarok,unmatched,low,request failed for https://www.wikidata.org/w/api.php?action=wbsearchentities&search=Ragnarok&language=en&type=item&limit=7&format=json: HTTP Error 429: Too Many Requests,
rail simulator upgrade mk1,Rail Simulator Upgrade Mk1,unmatched,low,request failed for https://www.wikidata.org/w/api.php?action=wbsearchentities&search=Rail+Simulator+Upgrade+Mk1&language=de&type=item&limit=7&format=json: HTTP Error 429: Too Many Requests,
rainbow six 4 lockdown,Rainbow Six 4 Lockdown,unmatched,low,no confident Wikimedia match,
rainbow six covert ops e,Rainbow Six Covert Ops E,unmatched,low,no confident Wikimedia match,
rainbow six vegas 2v 1,Rainbow Six Vegas 2 v 1,unmatched,low,request failed for https://en.wikipedia.org/w/api.php?action=query&list=search&srsearch=Rainbow+Six+Vegas+2&srlimit=5&format=json: HTTP Error 429: Too Many Requests,
rainbow six vegas2v103,Rainbow Six Vegas2v103,unmatched,low,no confident Wikimedia match,
ramka niska,ramka niska,unmatched,low,no confident Wikimedia match,
ramka wstanie,ramka wstanie,unmatched,low,no confident Wikimedia match,
ramka wysoka,ramka wysoka,unmatched,low,request failed for https://en.wikipedia.org/w/api.php?action=query&list=search&srsearch=ramka+wysoka&srlimit=5&format=json: HTTP Error 429: Too Many Requests,
ramka wysoka po raz 2,ramka wysoka po raz 2,unmatched,low,no confident Wikimedia match,
reg cleaner,Reg Cleaner,unmatched,low,no confident Wikimedia match,
renny claus,Renny Claus,unmatched,low,no confident Wikimedia match,
reprobates inselder verdammten,Reprobates Inselder Verdammten,unmatched,low,no confident Wikimedia match,
reprobates inselder verdammtenv133,Reprobates Inselder Verdammtenv133,unmatched,low,no confident Wikimedia match,
reserved for progress copy,reserved for progress copy,unmatched,low,no confident Wikimedia match,
reserved for status bar,reserved for status bar,unmatched,low,no confident Wikimedia match,
reserved for statusbar,reserved for statusbar,unmatched,low,no confident Wikimedia match,
restricted area 1,Restricted Area 1,unmatched,low,request failed for https://de.wikipedia.org/w/api.php?action=query&list=search&srsearch=Restricted+Area+1&srlimit=5&format=json: HTTP Error 429: Too Many Requests,
rettunghelicopter112,Rettunghelicopter 112,unmatched,low,no confident Wikimedia match,
rf online,RF Online,unmatched,low,request failed for https://www.wikidata.org/w/api.php?action=wbsearchentities&search=RF+Online&language=de&type=item&limit=7&format=json: HTTP Error 429: Too Many Requests,
richard burns rally v 1,Richard Burns Rally v 1,unmatched,low,request failed for https://www.wikidata.org/w/api.php?action=wbgetentities&ids=Q946557&props=labels%7Caliases%7Csitelinks&format=json: HTTP Error 429: Too Many Requests,
right arrow,RIGHT ARROW,unmatched,low,no confident Wikimedia match,
rise fall civilizationsat war,Rise Fall Civilizationsat War,unmatched,low,no confident Wikimedia match,
rise fall civilizationsat warv,Rise Fall Civilizationsat Warv,unmatched,low,no confident Wikimedia match,
riseof nations riseof legends,Riseof Nations Riseof Legends,unmatched,low,no confident Wikimedia match,
rockstar gamesprsentiert tischtennis,Rockstar Gamesprsentiert Tischtennis,unmatched,low,no confident Wikimedia match,
romanceofthe three kingdoms,Romanceofthe Three Kingdoms,unmatched,low,no confident Wikimedia match,
rome barbarian invasion,Rome Barbarian Invasion,unmatched,low,request failed for https://en.wikipedia.org/w/api.php?action=query&list=search&srsearch=Rome+Barbarian+Invasion&srlimit=5&format=json: HTTP Error 429: Too Many Requests,
rosso rabbitin trouble,Rosso Rabbitin Trouble,unmatched,low,no confident Wikimedia match,
rpm tuning,RPM Tuning,unmatched,low,request failed for https://www.wikidata.org/w/api.php?action=wbgetentities&ids=Q946149&props=labels%7Caliases%7Csitelinks&format=json: HTTP Error 429: Too Many Requests,
rtl winter sports2008 the ultimate challenge,RTL Winter Sports 2008 The Ultimate Challenge,unmatched,low,no confident Wikimedia match,
rtlbiathlon2008,RTLBiathlon2008,unmatched,low,no confident Wikimedia match,
rtlracing team manager,RTLRacing Team Manager,unmatched,low,request failed for https://de.wikipedia.org/w/api.php?action=query&list=search&srsearch=RTLRacing+Team+Manager&srlimit=5&format=json: HTTP Error 429: Too Many Requests,
rtlskispringen,RTLSkispringen,unmatched,low,no confident Wikimedia match,
rtlwinter sports2008 the ultimate challenge,RTLWinter Sports2008 The Ultimate Challenge,unmatched,low,no confident Wikimedia match,
runaway the dreamofthe turtle,Runaway The Dreamofthe Turtle,unmatched,low,no confident Wikimedia match,
rundenlimit,Rundenlimit,unmatched,low,no confident Wikimedia match,
rundenzeit,Rundenzeit,unmatched,low,no confident Wikimedia match,
runesof magic,Runesof Magic,unmatched,low,no confident Wikimedia match,
rushfor berlin,Rushfor Berlin,unmatched,low,no confident Wikimedia match,
rushfor berlinv,Rushfor Berlinv,unmatched,low,no confident Wikimedia match,
santa clausin trouble,Santa Clausin Trouble Gold,unmatched,low,request failed for https://en.wikipedia.org/w/api.php?action=query&list=search&srsearch=Santa+Clausin+Trouble+Gold&srlimit=5&format=json: HTTP Error 429: Too Many Requests,
sataan,Sataan,unmatched,low,request failed for https://www.wikidata.org/w/api.php?action=wbgetentities&ids=Q135361532%7CQ62267859&props=labels%7Caliases%7Csitelinks&format=json: HTTP Error 429: Too Many Requests,
sataan das spiel v 1,Sataan Das Spiel v 1,unmatched,low,no confident Wikimedia match,
savage atortured soul,Savage ATortured Soul,unmatched,low,request failed for https://www.wikidata.org/w/api.php?action=wbsearchentities&search=Savage+ATortured+Soul&language=en&type=item&limit=7&format=json: HTTP Error 429: Too Many Requests,
save kolchez a21 22 22 2002 10 22,Save Kolchez'a 21:22:22 2002 10 22,unmatched,low,no confident Wikimedia match,
schiff simulator,Schiff Simulator,unmatched,low,no confident Wikimedia match,
schlacht um mittelerde 1,Schlacht um Mittelerde 1,unmatched,low,no confident Wikimedia match,
schnappi das kl,Schnappi Das kl,unmatched,low,no confident Wikimedia match,
schnappi das kleine krokodil xs,Schnappi Das kleine Krokodil XS,unmatched,low,no confident Wikimedia match,
scorched 3d,Scorched 3 D,unmatched,low,no confident Wikimedia match,
scrapland,Scrapland,unmatched,low,request failed for https://www.wikidata.org/w/api.php?action=wbgetentities&ids=Q682090%7CQ135080750&props=labels%7Caliases%7Csitelinks&format=json: HTTP Error 429: Too Many Requests,
sea wolves,Sea Wolves,unmatched,low,request failed for https://www.wikidata.org/w/api.php?action=wbsearchentities&search=Sea+Wolves&language=en&type=item&limit=7&format=json: HTTP Error 429: Too Many Requests,
sensible soccer,Sensible Soccer,unmatched,low,request failed for https://www.wikidata.org/w/api.php?action=wbgetentities&ids=Q1415817%7CQ3478632%7CQ25471023%7CQ115840803%7CQ137477214%7CQ126185697%7CQ138542776&props=labels%7Caliases%7Csitelinks&format=json: HTTP Error 429: Too Many Requests,
sentinel verborg,Sentinel Verborg,unmatched,low,no confident Wikimedia match,
shade zorn der engel,Shade Zorn der Engel,unmatched,low,no confident Wikimedia match,
shadowgrounds,Shadowgrounds,unmatched,low,request failed for https://www.wikidata.org/w/api.php?action=wbsearchentities&search=Shadowgrounds&language=en&type=item&limit=7&format=json: HTTP Error 429: Too Many Requests,
shadowgrounds leveleditor,Shadowgrounds Leveleditor,unmatched,low,no confident Wikimedia match,
sheep,Sheep,unmatched,low,request failed for https://www.wikidata.org/w/api.php?action=wbsearchentities&search=Sheep&language=en&type=item&limit=7&format=json: HTTP Error 429: Too Many Requests,
sherlock holmes das geheimnisdessilbernen ohrrings,Sherlock Holmes Das Geheimnisdessilbernen Ohrrings,unmatched,low,request failed for https://www.wikidata.org/w/api.php?action=wbsearchentities&search=Sherlock+Holmes+Das+Geheimnisdessilbernen+Ohrrings&language=de&type=item&limit=7&format=json: HTTP Error 429: Too Many Requests,
sherlock holmes die spur der erwachten remastered,Sherlock Holmes - Die Spur der Erwachten - Remastered Edition,unmatched,low,request failed for https://en.wikipedia.org/w/api.php?action=query&list=search&srsearch=Sherlock+Holmes+-+Die+Spur+der+Erwachten+-+Remastered+Edition&srlimit=5&format=json: HTTP Error 429: Too Many Requests,
shield launch,Demo Shield Launch,unmatched,low,request failed for https://de.wikipedia.org/w/api.php?action=query&list=search&srsearch=Demo+Shield+Launch&srlimit=5&format=json: HTTP Error 429: Too Many Requests,
shoot the roach,Shoot the Roach,unmatched,low,no confident Wikimedia match,
shop basket,shop basket,unmatched,low,no confident Wikimedia match,
shop client,shop client,unmatched,low,request failed for https://en.wikipedia.org/w/api.php?action=query&list=search&srsearch=shop+client&srlimit=5&format=json: HTTP Error 429: Too Many Requests,
shop vendor,shop vendor,unmatched,low,no confident Wikimedia match,
show athletics,Show Athletics,unmatched,low,no confident Wikimedia match,
show gewehre,Show GEWEHRE,unmatched,low,request failed for https://www.wikidata.org/w/api.php?action=wbsearchentities&search=Show+GEWEHRE&language=en&type=item&limit=7&format=json: HTTP Error 429: Too Many Requests,
show gewehrexp needed,Show GEWEHRExp Needed,unmatched,low,request failed for https://en.wikipedia.org/w/api.php?action=query&list=search&srsearch=Show+GEWEHRExp+Needed&srlimit=5&format=json: HTTP Error 429: Too Many Requests,
show kampf,Show KAMPF,unmatched,low,no confident Wikimedia match,
show kampfexp needed,Show KAMPFExp Needed,unmatched,low,no confident Wikimedia match,
show kraftexp needed,Show KRAFTExp Needed,unmatched,low,request failed for https://www.wikidata.org/w/api.php?action=wbsearchentities&search=Show+KRAFTExp+Needed&language=de&type=item&limit=7&format=json: HTTP Error 429: Too Many Requests,
show machinenpistolen,Show MACHINENPISTOLEN,unmatched,low,request failed for https://de.wikipedia.org/w/api.php?action=query&list=search&srsearch=Show+MACHINENPISTOLEN&srlimit=5&format=json: HTTP Error 429: Too Many Requests,
show machinenpistolenxp needed,Show MACHINENPISTOLENxp Needed,unmatched,low,no confident Wikimedia match,
show nahkampf,Show NAHKAMPF,unmatched,low,no confident Wikimedia match,
show nahkampfexp needed,Show NAHKAMPFExp Needed,unmatched,low,request failed for https://de.wikipedia.org/w/api.php?action=query&list=search&srsearch=Show+NAHKAMPFExp+Needed&srlimit=5&format=json: HTTP Error 429: Too Many Requests,
show pistolen,Show PISTOLEN,unmatched,low,no confident Wikimedia match,
show pistolenexp needed,Show PISTOLENExp Needed,unmatched,low,no confident Wikimedia match,
show schottflinten,Show SCHOTTFLINTEN,unmatched,low,no confident Wikimedia match,
show schottflintenxp needed,Show SCHOTTFLINTENxp Needed,unmatched,low,no confident Wikimedia match,
show tarnung,Show TARNUNG,unmatched,low,no confident Wikimedia match,
show tarnungexp needed,Show TARNUNGExp Needed,unmatched,low,no confident Wikimedia match,
show technik,Show TECHNIK,unmatched,low,request failed for https://en.wikipedia.org/w/api.php?action=query&list=search&srsearch=Show+TECHNIK&srlimit=5&format=json: HTTP Error 429: Too Many Requests,
show technikxp needed,Show TECHNIKxp Needed,unmatched,low,no confident Wikimedia match,
sid meier s civilization 4 fall from heaven 2 0,Sid Meier's Civilization 4 - Fall from Heaven 2 0,unmatched,low,no confident Wikimedia match,
sid meiers railroads,Sid Meiers Railroads,unmatched,low,request failed for https://www.wikidata.org/w/api.php?action=wbsearchentities&search=Sid+Meiers+Railroads&language=en&type=item&limit=7&format=json: HTTP Error 429: Too Many Requests,
silencer 1,silencer 1,unmatched,low,request failed for https://en.wikipedia.org/w/api.php?action=query&list=search&srsearch=silencer+1&srlimit=5&format=json: HTTP Error 429: Too Many Requests,
silencer 2,silencer 2,unmatched,low,no confident Wikimedia match,
silverfall wchterder elemente,Silverfall Wchterder Elemente,unmatched,low,no confident Wikimedia match,
sim city societiesv102119,Sim City Societiesv102119,unmatched,low,no confident Wikimedia match,
singles 2 wilde zeiten,Singles 2 Wilde Zeiten,unmatched,low,no confident Wikimedia match,
singlesv,Singlesv,unmatched,low,no confident Wikimedia match,
sini star unleashed,Sini Star Unleashed,unmatched,low,no confident Wikimedia match,
sinking island mordim paradies,Sinking Island Mordim Paradies,unmatched,low,no confident Wikimedia match,
sinsofa solar empire,Sinsofa Solar Empire,unmatched,low,request failed for https://www.wikidata.org/w/api.php?action=wbsearchentities&search=Sinsofa+Solar+Empire&language=de&type=item&limit=7&format=json: HTTP Error 429: Too Many Requests,
ski alpin racing bode millervs hermann maier,Ski Alpin Racing Bode Millervs Hermann Maier,unmatched,low,no confident Wikimedia match,
ski alpin2006 mit bode miller,Ski Alpin 2006 mit Bode Miller,unmatched,low,request failed for https://en.wikipedia.org/w/api.php?action=query&list=search&srsearch=Ski+Alpin+2006+mit+Bode+Miller&srlimit=5&format=json: HTTP Error 429: Too Many Requests,
ski xtreme,Ski Xtreme,unmatched,low,no confident Wikimedia match,
skype35,Skype35,unmatched,low,no confident Wikimedia match,
skype36,Skype36,unmatched,low,no confident Wikimedia match,
skype38,Skype38,unmatched,low,no confident Wikimedia match,
skype4,Skype4,unmatched,low,no confident Wikimedia match,
sldner marine corpsv,Sldner Marine Corpsv,unmatched,low,no confident Wikimedia match,
slider gammakorrekteur,slider Gammakorrekteur,unmatched,low,no confident Wikimedia match,
slider sfx,slider Sfx,unmatched,low,no confident Wikimedia match,
smash online,Smash Online,unmatched,low,no confident Wikimedia match,
smashonline,Smashonline,unmatched,low,no confident Wikimedia match,
snow bomb battle,Snow Bomb Battle,unmatched,low,no confident Wikimedia match,
space corps armageddon,Space Corps Armageddon,unmatched,low,no confident Wikimedia match,
spaceforce captains,Spaceforce Captains,unmatched,low,no confident Wikimedia match,
speed bowling,Speed Bowling,unmatched,low,no confident Wikimedia match,
speed darting,Speed Darting,unmatched,low,no confident Wikimedia match,
speedball2 tournament,Speedball2 Tournament,unmatched,low,no confident Wikimedia match,
speedblox,Speedblox,unmatched,low,no confident Wikimedia match,
speedpasch,Speedpasch,unmatched,low,no confident Wikimedia match,
speedpyramid,Speedpyramid,unmatched,low,no confident Wikimedia match,
spiel beenden,SPIEL BEENDEN,unmatched,low,no confident Wikimedia match,
spiel fortsetzen,SPIEL FORTSETZEN,unmatched,low,no confident Wikimedia match,
spiel verlassen,SPIEL VERLASSEN,unmatched,low,no confident Wikimedia match,
spielstand laden,SPIELSTAND LADEN,unmatched,low,no confident Wikimedia match,
spielstand speichern,SPIELSTAND SPEICHERN,unmatched,low,no confident Wikimedia match,
splinter cell,Splinter Cell DVD,unmatched,low,no confident Wikimedia match,
splinter cell s chaos theory,Splinter Cell's Chaos Theory,unmatched,low,no confident Wikimedia match,
spore labor kreaturen designer,Spore Labor Kreaturen Designer,unmatched,low,no confident Wikimedia match,
spreng,demo spreng,unmatched,low,no confident Wikimedia match,
spy bot search destroy,Spy Bot Search & Destroy,unmatched,low,no confident Wikimedia match,
stalker shadowof chernobylv10005,Stalker Shadowof Chernobylv10005,unmatched,low,no confident Wikimedia match,
stalkerv10003v10004v10005,STALKERv10003v10004v10005,unmatched,low,no confident Wikimedia match,
stamina digit,stamina digit,unmatched,low,no confident Wikimedia match,
star force vista,Star Force Vista Update,unmatched,low,no confident Wikimedia match,
star wars battlefrontv,Star Wars Battlefrontv,unmatched,low,no confident Wikimedia match,
star wars empireat war forcesof corruption,Star Wars Empireat War Forcesof Corruption,unmatched,low,no confident Wikimedia match,
star wars empireat war leveleditor,Star Wars Empireat War Leveleditor,unmatched,low,no confident Wikimedia match,
star wars empireat warv,Star Wars Empireat Warv,unmatched,low,no confident Wikimedia match,
startgeld,Startgeld,unmatched,low,no confident Wikimedia match,
still life2,Still Life2,unmatched,low,no confident Wikimedia match,
stonechecker 3,Stonechecker 3,unmatched,low,no confident Wikimedia match,
strategic commandv,Strategic Commandv,unmatched,low,no confident Wikimedia match,
stronghold legendsv,Stronghold Legendsv,unmatched,low,no confident Wikimedia match,
sudden strike3 armsfor victory ardennen offensive,Sudden Strike3 Armsfor Victory Ardennen Offensive,unmatched,low,no confident Wikimedia match,
sudden strike3 armsfor victoryv131,Sudden Strike3 Armsfor Victoryv131,unmatched,low,no confident Wikimedia match,
supreme ruler2020,Supreme Ruler2020,unmatched,low,no confident Wikimedia match,
surf attack,Surf Attack,unmatched,low,no confident Wikimedia match,
sven kommt,Sven kommt,unmatched,low,no confident Wikimedia match,
swordofthe stars,Swordofthe Stars,unmatched,low,no confident Wikimedia match,
t main window window title,T Main Window Window Title,unmatched,low,request failed for https://www.wikidata.org/w/api.php?action=wbsearchentities&search=T+Main+Window+Window+Title&language=en&type=item&limit=7&format=json: HTTP Error 429: Too many requests (f061ab2),
t window window title,T Update Window Window Title,unmatched,low,no confident Wikimedia match,
take all,TAKE ALL,unmatched,low,request failed for https://www.wikidata.org/w/api.php?action=wbsearchentities&search=TAKE+ALL&language=en&type=item&limit=7&format=json: HTTP Error 429: Too many requests (f061ab2),
take command second manassasv,Take Command Second Manassasv,unmatched,low,no confident Wikimedia match,
taleofa hero,Taleofa Hero,unmatched,low,request failed for https://en.wikipedia.org/w/api.php?action=query&list=search&srsearch=Taleofa+Hero&srlimit=5&format=json: HTTP Error 429: Too many requests (f061ab2),
taxi 3 extreme rush,Taxi 3 Extreme Rush,unmatched,low,no confident Wikimedia match,
taxi raser,Taxi Raser,unmatched,low,no confident Wikimedia match,
tcp optimizer,tcp optimizer,unmatched,low,no confident Wikimedia match,
team hawaii eifel run,Team Hawaii Eifel Run,unmatched,low,no confident Wikimedia match,
team speak 2,Team Speak 2,unmatched,low,no confident Wikimedia match,
team speak2,Team Speak2,unmatched,low,no confident Wikimedia match,
teamauswahl,Teamauswahl,unmatched,low,no confident Wikimedia match,
tell das spielzum film,Tell Das Spielzum Film,unmatched,low,no confident Wikimedia match,
test nowego buttona styl 2,test nowego buttona styl 2,unmatched,low,no confident Wikimedia match,
testabellen,Testabellen,unmatched,low,no confident Wikimedia match,
the elder scrolls oblivionv,The Elder Scrolls Oblivionv,unmatched,low,no confident Wikimedia match,
the elder scrolls3 morrowind gameofthe year,The Elder Scrolls3 Morrowind Gameofthe Year Edition,unmatched,low,no confident Wikimedia match,
the fall last daysof gaiav,The Fall Last Daysof Gaiav,unmatched,low,no confident Wikimedia match,
the italian job,The Italian Job,unmatched,low,request failed for https://www.wikidata.org/w/api.php?action=wbsearchentities&search=The+Italian+Job&language=en&type=item&limit=7&format=json: HTTP Error 429: Too many requests (f061ab2),
the momentof silence,The Momentof Silence,unmatched,low,no confident Wikimedia match,
the movies v,The Movies v,unmatched,low,no confident Wikimedia match,
the sagaof ryzom,The Sagaof Ryzom,unmatched,low,no confident Wikimedia match,
theseus returnofthe hero,Theseus Returnofthe Hero,unmatched,low,no confident Wikimedia match,
thirsty punk,Thirsty Punk,unmatched,low,no confident Wikimedia match,
tiger woods pga tour2005,Tiger Woods PGA Tour 2005,unmatched,low,request failed for https://www.wikidata.org/w/api.php?action=wbgetentities&ids=Q7801512%7CQ133097307&props=labels%7Caliases%7Csitelinks&format=json: HTTP Error 429: Too many requests (f061ab2),
timanfaya verschollen in den feuerbergen,Timanfaya Verschollen in den Feuerbergen,unmatched,low,no confident Wikimedia match,
timanfaya verscholleninden feuerbergen,Timanfaya Verscholleninden Feuerbergen,unmatched,low,no confident Wikimedia match,
time shift v 1,Time Shift v 1,unmatched,low,request failed for https://www.wikidata.org/w/api.php?action=wbsearchentities&search=Time+Shift+v+1&language=en&type=item&limit=7&format=json: HTTP Error 429: Too many requests (f061ab2),
time shiftv12,Time Shiftv12,unmatched,low,no confident Wikimedia match,
tips einblenden,Tips einblenden,unmatched,low,no confident Wikimedia match,
tischfuball,Tischfuball,unmatched,low,no confident Wikimedia match,
titan questv,Titan Questv,unmatched,low,no confident Wikimedia match,
tom clancys ghost recon advanced warfighterv,Tom Clancys Ghost Recon Advanced Warfighterv,unmatched,low,no confident Wikimedia match,
tom clancys rainbow six vegas,Tom Clancys Rainbow Six Vegas,unmatched,low,request failed for https://www.wikidata.org/w/api.php?action=wbsearchentities&search=Tom+Clancys+Rainbow+Six+Vegas&language=en&type=item&limit=7&format=json: HTTP Error 429: Too many requests (f061ab2),
tomb raider legend spieltricks,Tomb Raider Legend Spieltricks,unmatched,low,request failed for https://de.wikipedia.org/w/api.php?action=query&list=search&srsearch=Tomb+Raider+Legend+Spieltricks&srlimit=5&format=json: HTTP Error 429: Too many requests (f061ab2),
tomb raider legendv,Tomb Raider Legendv,unmatched,low,no confident Wikimedia match,
tooltip handler for armor,tooltip handler for : ARMOR,unmatched,low,no confident Wikimedia match,
tooltip handler for health,tooltip handler for : HEALTH,unmatched,low,no confident Wikimedia match,
tooltip handler for lightlevel,tooltip handler for : LIGHTLEVEL,unmatched,low,no confident Wikimedia match,
tooltip handler for soundlevel,tooltip handler for : SOUNDLEVEL,unmatched,low,no confident Wikimedia match,
tooltip handler for stamina,tooltip handler for : STAMINA,unmatched,low,request failed for https://www.wikidata.org/w/api.php?action=wbsearchentities&search=tooltip+handler+for+%3A+STAMINA&language=de&type=item&limit=7&format=json: HTTP Error 429: Too Many Requests,
top spin,Top Spin,unmatched,low,request failed for https://www.wikidata.org/w/api.php?action=wbgetentities&ids=Q1861162%7CQ1276932%7CQ673220%7CQ108371631%7CQ20635105%7CQ2734059%7CQ27957950&props=labels%7Caliases%7Csitelinks&format=json: HTTP Error 429: Too Many Requests,
topdemos,Topdemos,unmatched,low,no confident Wikimedia match,
torus trooper,Torus Trooper,unmatched,low,request failed for https://www.wikidata.org/w/api.php?action=wbgetentities&ids=Q3532570&props=labels%7Caliases%7Csitelinks&format=json: HTTP Error 429: Too Many Requests,
trackmania orig ext ver,Trackmania Orig Ext Ver,unmatched,low,no confident Wikimedia match,
trackmania sunrise ex upgr,Trackmania Sunrise Ex Upgr,unmatched,low,request failed for https://www.wikidata.org/w/api.php?action=wbsearchentities&search=Trackmania+Sunrise+Ex+Upgr&language=de&type=item&limit=7&format=json: HTTP Error 429: Too Many Requests,
trackmaniav150152,Trackmaniav150152,unmatched,low,no confident Wikimedia match,
transaction value,transaction value,unmatched,low,no confident Wikimedia match,
treasure islandv1002,Treasure Islandv1002,unmatched,low,no confident Wikimedia match,
tube twist,Tube Twist,unmatched,low,no confident Wikimedia match,
turbo strau,Turbo Strauß,unmatched,low,no confident Wikimedia match,
tweak vi,Tweak VI,unmatched,low,no confident Wikimedia match,
tycoon city new yorkv,Tycoon City New Yorkv,unmatched,low,no confident Wikimedia match,
uefa championsleague,UEFA Championsleague,unmatched,low,no confident Wikimedia match,
uefaeuro,UEFAEuro,unmatched,low,no confident Wikimedia match,
uli stein 3d mahjongg,Uli Stein 3 D Mahjongg,unmatched,low,no confident Wikimedia match,
uli stein steinschlag,Uli Stein Steinschlag,unmatched,low,no confident Wikimedia match,
undercover operation wstensonne,Undercover Operation Wstensonne,unmatched,low,no confident Wikimedia match,
universeat war angriffsziel erde,Universeat War Angriffsziel Erde,unmatched,low,no confident Wikimedia match,
unreal tourn2004v,Unreal Tourn 2004 v,unmatched,low,no confident Wikimedia match,
unreal tournament3v12,Unreal Tournament3v12,unmatched,low,no confident Wikimedia match,
urlaubsraser,Urlaubsraser,unmatched,low,no confident Wikimedia match,
valitse asennuskieli,Valitse asennuskieli,unmatched,low,no confident Wikimedia match,
vampirjagd,Vampirjagd,unmatched,low,request failed for https://www.wikidata.org/w/api.php?action=wbgetentities&ids=Q99743474%7CQ134474252&props=labels%7Caliases%7Csitelinks&format=json: HTTP Error 429: Too many requests (f061ab2),
velaya geschichte einer kriegerin 1,Velaya - Geschichte einer Kriegerin 1,unmatched,low,no confident Wikimedia match,
videotippszu anno,Videotippszu Anno,unmatched,low,no confident Wikimedia match,
vista boot pro 3 3,Vista Boot PRO 3 3,unmatched,low,no confident Wikimedia match,
vista boot pro330,Vista Boot PRO330,unmatched,low,no confident Wikimedia match,
vista tuning,Vista Tuning,unmatched,low,no confident Wikimedia match,
vogelpiraten,Vogelpiraten,unmatched,low,no confident Wikimedia match,
vyberte jazyk,Vyberte jazyk,unmatched,low,no confident Wikimedia match,
vyrox,Vyrox,unmatched,low,no confident Wikimedia match,
waldmeister sause edelwei,Waldmeister Sause Edelweiß,unmatched,low,no confident Wikimedia match,
wall eder letzterumtdie erdeauf,Wall EDer Letzterumtdie Erdeauf,unmatched,low,no confident Wikimedia match,
wallace gromit,Wallace Gromit,unmatched,low,no confident Wikimedia match,
war leaders clashof nationsv101,War Leaders Clashof Nationsv101,unmatched,low,no confident Wikimedia match,
war world tactical combat,War World Tactical Combat,unmatched,low,no confident Wikimedia match,
warcraft the frozen thronev121b,Warcraft The Frozen Thronev121b,unmatched,low,no confident Wikimedia match,
warcraft3 reignof chaosv121b,Warcraft3 Reignof Chaosv121b,unmatched,low,no confident Wikimedia match,
warhammer dawnof war dark crusade,Warhammer Dawnof War Dark Crusade,unmatched,low,no confident Wikimedia match,
warhammer dawnof war soulstorm,Warhammer Dawnof War Soulstorm,unmatched,low,no confident Wikimedia match,
warhammer markof chaos,Warhammer Markof Chaos,unmatched,low,no confident Wikimedia match,
warhammer online ageof reckoning,Warhammer Online Ageof Reckoning,unmatched,low,no confident Wikimedia match,
warhammer winter assault,Warhammer Winter Assault,unmatched,low,no confident Wikimedia match,
warhammer40000 dawnof war2,Warhammer40000 Dawnof War2,unmatched,low,no confident Wikimedia match,
waron terror lsungsbuch,Waron Terror Lsungsbuch,unmatched,low,no confident Wikimedia match,
wchterder nacht,Wchterder Nacht,unmatched,low,no confident Wikimedia match,
weapon jammed,weapon jammed,unmatched,low,no confident Wikimedia match,
weapon name,weapon name,unmatched,low,no confident Wikimedia match,
weapon status digit,weapon status digit,unmatched,low,no confident Wikimedia match,
weapon unuseable,weapon unuseable,unmatched,low,no confident Wikimedia match,
webdesmart surfer,WEBDESmart Surfer,unmatched,low,no confident Wikimedia match,
werner flitzkacke alarm,Werner Flitzkacke Alarm,unmatched,low,no confident Wikimedia match,
wespenjagd 2,Wespenjagd 2,unmatched,low,no confident Wikimedia match,
wettendass das dvdspiel,Wettendass Das DVDSpiel,unmatched,low,no confident Wikimedia match,
wickie ylvi ist entf hrt,Wickie Ylvi ist entführt,unmatched,low,no confident Wikimedia match,
wikingerhelden,Wikingerhelden,unmatched,low,no confident Wikimedia match,
wild life park 2,Wild Life Park 2,unmatched,low,no confident Wikimedia match,
winpatrol2007,Winpatrol2007,unmatched,low,no confident Wikimedia match,
winterschlachtinden ardennen,Winterschlachtinden Ardennen,unmatched,low,no confident Wikimedia match,
world challenge,World Challenge,unmatched,low,matched a golf tournament instead of a software title,
world champion billard featuring gustavo zito,World Champion Billard Featuring Gustavo Zito,unmatched,low,no confident Wikimedia match,
world conflict,World Conflict,unmatched,low,no confident Wikimedia match,
world of warcraft,World of Warcraft,unmatched,low,request failed for https://www.wikidata.org/w/api.php?action=wbgetentities&ids=Q131007%7CQ719643%7CQ16616373%7CQ896970%7CQ108371733%7CQ79025929%7CQ78891328&props=labels%7Caliases%7Csitelinks&format=json: HTTP Error 429: Too Many Requests,
world poker championship 2 final table showdown,World Poker Championship 2 Final Table Showdown,unmatched,low,no confident Wikimedia match,
world poker championship2 final table showdown,World Poker Championship2 Final Table Showdown,unmatched,low,no confident Wikimedia match,
world racing,World Racing,unmatched,low,request failed for https://www.wikidata.org/w/api.php?action=wbsearchentities&search=World+Racing&language=en&type=item&limit=7&format=json: HTTP Error 429: Too Many Requests,
world war 2 pacific heroes,World War 2 Pacific Heroes,unmatched,low,request failed for https://www.wikidata.org/w/api.php?action=wbsearchentities&search=World+War+2+Pacific+Heroes&language=en&type=item&limit=7&format=json: HTTP Error 429: Too Many Requests,
world war pacific heroes,World War Pacific Heroes,unmatched,low,no confident Wikimedia match,
worldin conflict,Worldin Conflict,unmatched,low,no confident Wikimedia match,
worldin conflict mod kit,Worldin Conflict Mod Kit,unmatched,low,request failed for https://www.wikidata.org/w/api.php?action=wbsearchentities&search=Worldin+Conflict+Mod+Kit&language=en&type=item&limit=7&format=json: HTTP Error 429: Too Many Requests,
worldin conflictv1006,Worldin Conflictv1006,unmatched,low,no confident Wikimedia match,
worldin conflictv1009,Worldin Conflictv1009,unmatched,low,no confident Wikimedia match,
worldof qin collectors,Worldof Qin Collectors Edition,unmatched,low,request failed for https://www.wikidata.org/w/api.php?action=wbsearchentities&search=Worldof+Qin+Collectors+Edition&language=de&type=item&limit=7&format=json: HTTP Error 429: Too Many Requests,
worldof warcraftv,Worldof Warcraftv,unmatched,low,no confident Wikimedia match,
worms forts unter belager,Worms Forts Unter Belager,unmatched,low,request failed for https://de.wikipedia.org/w/api.php?action=query&list=search&srsearch=Worms+Forts+Unter+Belager&srlimit=5&format=json: HTTP Error 429: Too Many Requests,
wuchtel mit der zauberfuchtel,Wuchtel mit der Zauberfuchtel,unmatched,low,no confident Wikimedia match,
x mas hockey,X Mas Hockey,unmatched,low,no confident Wikimedia match,
x2 die rueckkehr,X2 Die Rueckkehr,unmatched,low,no confident Wikimedia match,
x3 reunion,X3 Reunion,unmatched,low,request failed for https://www.wikidata.org/w/api.php?action=wbsearchentities&search=X3+Reunion&language=de&type=item&limit=7&format=json: HTTP Error 429: Too Many Requests,
xfire,Xfire,unmatched,low,matched a disambiguation page,
xmen the official,XMen The Official Game,unmatched,low,no confident Wikimedia match,
xreunion,XReunion,unmatched,low,request failed for https://www.wikidata.org/w/api.php?action=wbsearchentities&search=XReunion&language=en&type=item&limit=7&format=json: HTTP Error 429: Too Many Requests,
xreunionv,XReunionv,unmatched,low,no confident Wikimedia match,
xski alpin2005,XSki Alpin2005,unmatched,low,no confident Wikimedia match,
yapala guatemala,"Yapala, Guatemala",unmatched,low,no confident Wikimedia match,
yeti sports classic,Yeti Sports Classic,unmatched,low,no confident Wikimedia match,
yeti sports deluxe,Yeti Sports Deluxe,unmatched,low,no confident Wikimedia match,
z dbackup,Z DBackup,unmatched,low,no confident Wikimedia match,
zoo empire cbsversionv,Zoo Empire CBSVersionv,unmatched,low,no confident Wikimedia match,
zoo empire tier memory,Zoo Empire Tier Memory,unmatched,low,no confident Wikimedia match,
zoo empirev,Zoo Empirev,unmatched,low,request failed for https://en.wikipedia.org/w/api.php?action=query&list=search&srsearch=Zoo+Empirev&srlimit=5&format=json: HTTP Error 429: Too Many Requests,
zoo tycoon 2 en species,Zoo Tycoon 2 En Species,unmatched,low,no confident Wikimedia match,
zosso bowling,Zosso Bowling,unmatched,low,no confident Wikimedia match,
zweistein,Zweistein,unmatched,low,request failed for https://www.wikidata.org/w/api.php?action=wbsearchentities&search=Zweistein&language=en&type=item&limit=7&format=json: HTTP Error 429: Too Many Requests,
zwlfzehn,Zwlfzehn,unmatched,low,no confident Wikimedia match,
